{"cameraMode":{"drawMode":0,"name":"Shaded","section":"Shading Mode"},"sceneLighting":true,"audioPlay":false,"sceneViewState":{"m_AlwaysRefresh":false,"showFog":true,"showSkybox":true,"showFlares":true,"showImageEffects":true,"showParticleSystems":true,"showVisualEffectGraphs":true,"m_FxEnabled":true},"in2DMode":false,"pivot":{"x":2.2562763690948488,"y":0.6098189353942871,"z":22.090476989746095},"rotation":{"x":-0.011674730107188225,"y":0.051286064088344577,"z":0.0006062940810807049,"w":0.9986532330513},"size":11.648747444152832,"orthographic":false}