{"cameraMode":{"drawMode":0,"name":"Shaded","section":"Shading Mode"},"sceneLighting":true,"audioPlay":false,"sceneViewState":{"m_AlwaysRefresh":false,"showFog":true,"showSkybox":true,"showFlares":true,"showImageEffects":true,"showParticleSystems":true,"showVisualEffectGraphs":true,"m_FxEnabled":true},"in2DMode":false,"pivot":{"x":3.851283311843872,"y":0.5333449840545654,"z":-0.2310338020324707},"rotation":{"x":0.15410830080509187,"y":0.03438667207956314,"z":-0.005384455434978008,"w":0.9875063300132752},"size":3.5457763671875,"orthographic":false}